decode_zbuf,1, 0
rds_rdma_extra_size,0, 0
keycompare_mb,0, 0
re2c::Scanner::fill,1, 1
xdp_umem_reg,0, 1
handle_PORT,0, 1
enc_untrusted_create_wait_queue,0, 0
ecall_restore,0, 0
blosc_c,0, 1
yaffsfs_istat,0, 0
tcp_test,0, 0
ContentLine_Analyzer::DoDeliverOnce,0, 0
add_password,0, 1
ecall_restore,0, 1
enc_untrusted_create_wait_queue,1, 1
decode_zbuf,1, 1
idn2_to_ascii_4i,Based on the tools' responses, it appears there was an issue retrieving the line changes for the vulnerability patch. However, the details tool confirmed the type of vulnerability as CWE-787. Given this information and the nature of the code snippet, which involves pointer manipulation and memory allocation, it is likely that the code has the specified vulnerability.

Therefore, the answer is 1., 1
cbs_jpeg_split_fragment,0, 1
patch,0, 1
jbig2_image_compose,0, 1
mpol_parse_str,0, 0
blosc_c,0, 0
FromkLinuxSockAddr,0, 1
cbs_jpeg_split_fragment,0, 0
MultiPartInputFile::Data::chunkOffsetReconstruction,0, 0
concat_opt_exact_str,1, 1
input_csi_dispatch_sgr_colon,1, 0
xdp_umem_reg,0, 0
re2c::Scanner::fill,The code snippet provided is associated with the function `re2c::Scanner::fill`. After reviewing the details and line changes for the vulnerability patch, it is determined that the code does have a vulnerability. Therefore, the answer is:

1, 0
WritePSDChannel,1, 0
FromkLinuxSockAddr,0, 0
flb_gzip_compress,0, 1
TiledInputFile::rawTileData,1, 1
sc_oberthur_read_file,0, 0
decode_frame,0, 0
TiledInputFile::rawTileData,0, 0
HandleRFBServerMessage,1, 0
jbig2_image_compose,0, 0
adminchild,0, 1
tcos_decipher,0, 1
patch,0, 0
PHP_FUNCTION,0, 1
mapi_attr_read,1, 0
opj_pi_create_decode,1, 0
MultiPartInputFile::Data::chunkOffsetReconstruction,1, 1
track_header,0, 0
mapi_attr_read,0, 1
tflite::ops::builtin::segment_sum::ResizeOutputTensor,1, 0
rom_copy,Based on the analysis and the tools used, the code snippet provided does not have a vulnerability associated with CWE-787. Therefore, the result is:

0, 0
opj_j2k_set_cinema_parameters,0, 0
mwifiex_ret_wmm_get_status,0, 1
rfbProcessFileTransferReadBuffer,1, 1
tcp_test,0, 1
keycompare_mb,0, 1
rfbHandleAuthResult,1, 0
next_state_class,None, 1
PHP_FUNCTION,0, 0
mpol_parse_str,0, 1
input_csi_dispatch_sgr_colon,1, 1
tcos_decipher,0, 0
next_state_val,It appears there was an issue retrieving the necessary data to analyze the code snippet for vulnerabilities. I am unable to determine if the code has the specified vulnerability without the correct tool responses. Please try again or check the tool configurations., 1
flb_gzip_compress,0, 0
yaffsfs_istat,1, 1
NeXTDecode,1, 0
decode_frame,0, 1
sc_oberthur_read_file,0, 1
rom_copy,0, 1
track_header,0, 1
InsertRow,1, 1
adminchild,0, 0
idn2_to_ascii_4i,0, 0
InsertRow,0, 0
avcodec_align_dimensions2,1, 0
make_canonical,0, 1
opj_j2k_set_cinema_parameters,0, 1
concat_opt_exact_str,0, 0
opj_pi_create_decode,1, 1
make_canonical,0, 0
enl_ipc_get,0, 0
gps_tracker,0, 1
enl_ipc_get,0, 1
next_state_val,0, 0
ContentLine_Analyzer::DoDeliverOnce,0, 1
next_state_class,0, 0
decode_frame,0, 1
avcodec_align_dimensions2,0, 1
rfbHandleAuthResult,1, 1
tflite::ops::builtin::segment_sum::ResizeOutputTensor,0, 1
gps_tracker,0, 0
mwifiex_ret_wmm_get_status,1, 0
add_password,0, 0
rfbProcessFileTransferReadBuffer,1, 0
decode_frame,1, 0
rds_rdma_extra_size,0, 1
HandleRFBServerMessage,0, 1
NeXTDecode,0, 1
handle_PORT,0, 0
WritePSDChannel,0, 1
